,HO partner in ALICE,# of LR in ALICE,BB partners in ALICE,Positions in ALICE,HO partner in ATLAS/CMS,# of LR in ATLAS/CMS,BB partners in ATLAS/CMS,Positions in ATLAS/CMS,HO partner in LHCB,# of LR in LHCB,BB partners in LHCB,Positions in LHCB,collides in ATLAS/CMS,collides in ALICE,collides in LHCB
34,,0,[],[],,0,[],[],,0,[],[],False,False,False
35,,0,[],[],,0,[],[],,0,[],[],False,False,False
36,,0,[],[],,0,[],[],,0,[],[],False,False,False
37,,0,[],[],,0,[],[],,0,[],[],False,False,False
38,,0,[],[],,0,[],[],,0,[],[],False,False,False
39,,0,[],[],,0,[],[],,0,[],[],False,False,False
40,,0,[],[],,0,[],[],,0,[],[],False,False,False
41,,0,[],[],,0,[],[],,0,[],[],False,False,False
42,,0,[],[],,0,[],[],,0,[],[],False,False,False
43,,0,[],[],,0,[],[],,0,[],[],False,False,False
44,,0,[],[],,0,[],[],,0,[],[],False,False,False
45,,0,[],[],,0,[],[],,0,[],[],False,False,False
46,,0,[],[],,0,[],[],,0,[],[],False,False,False
47,,0,[],[],,0,[],[],,0,[],[],False,False,False
48,,0,[],[],,0,[],[],,0,[],[],False,False,False
49,,0,[],[],,0,[],[],,0,[],[],False,False,False
50,,0,[],[],,0,[],[],,0,[],[],False,False,False
51,,0,[],[],,0,[],[],,0,[],[],False,False,False
52,,0,[],[],,0,[],[],,0,[],[],False,False,False
53,,0,[],[],,0,[],[],,0,[],[],False,False,False
54,,0,[],[],,0,[],[],,0,[],[],False,False,False
55,,0,[],[],,0,[],[],,0,[],[],False,False,False
56,,0,[],[],,0,[],[],,0,[],[],False,False,False
57,,0,[],[],,0,[],[],,0,[],[],False,False,False
58,,0,[],[],,0,[],[],,0,[],[],False,False,False
59,,0,[],[],,0,[],[],,0,[],[],False,False,False
60,,0,[],[],,0,[],[],,0,[],[],False,False,False
61,,0,[],[],,0,[],[],,0,[],[],False,False,False
62,,0,[],[],,0,[],[],,0,[],[],False,False,False
63,,0,[],[],,0,[],[],,0,[],[],False,False,False
64,,0,[],[],,0,[],[],,0,[],[],False,False,False
65,,0,[],[],,0,[],[],,0,[],[],False,False,False
66,,0,[],[],,0,[],[],,0,[],[],False,False,False
67,,0,[],[],,0,[],[],,0,[],[],False,False,False
68,,0,[],[],,0,[],[],,0,[],[],False,False,False
69,,0,[],[],,0,[],[],,0,[],[],False,False,False
70,,0,[],[],,0,[],[],,0,[],[],False,False,False
71,,0,[],[],,0,[],[],,0,[],[],False,False,False
72,,0,[],[],,0,[],[],,0,[],[],False,False,False
73,,0,[],[],,0,[],[],,0,[],[],False,False,False
74,,0,[],[],,0,[],[],,0,[],[],False,False,False
75,,0,[],[],,0,[],[],,0,[],[],False,False,False
76,,0,[],[],,0,[],[],,0,[],[],False,False,False
77,,0,[],[],,0,[],[],,0,[],[],False,False,False
78,,0,[],[],,0,[],[],,0,[],[],False,False,False
79,,0,[],[],,0,[],[],,0,[],[],False,False,False
80,,0,[],[],,0,[],[],,0,[],[],False,False,False
81,,0,[],[],,0,[],[],,0,[],[],False,False,False
82,,0,[],[],,0,[],[],,0,[],[],False,False,False
83,,0,[],[],,0,[],[],,0,[],[],False,False,False
84,,0,[],[],,0,[],[],,0,[],[],False,False,False
85,,0,[],[],,0,[],[],,0,[],[],False,False,False
86,,0,[],[],,0,[],[],,0,[],[],False,False,False
87,,0,[],[],,0,[],[],,0,[],[],False,False,False
88,,0,[],[],,0,[],[],,0,[],[],False,False,False
89,,0,[],[],,0,[],[],,0,[],[],False,False,False
1640,,15,"[751. 752. 753. 754. 755. 756. 757. 758. 759. 760. 761. 762. 763. 764.
 765.]",[ 2.  3.  4.  5.  6.  7.  8.  9. 10. 11. 12. 13. 14. 15. 16.],1640.0,15,"[1640. 1642. 1643. 1644. 1645. 1646. 1647. 1648. 1649. 1650. 1651. 1652.
 1653. 1654. 1655. 1656.]",[ 0.  2.  3.  4.  5.  6.  7.  8.  9. 10. 11. 12. 13. 14. 15. 16.],,15,"[2536. 2537. 2538. 2539. 2540. 2541. 2542. 2543. 2544. 2545. 2546. 2547.
 2548. 2549. 2550.]",[ 2.  3.  4.  5.  6.  7.  8.  9. 10. 11. 12. 13. 14. 15. 16.],True,False,False
1642,751.0,16,"[751. 752. 753. 754. 755. 756. 757. 758. 759. 760. 761. 762. 763. 764.
 765. 766. 767.]",[ 0.  1.  2.  3.  4.  5.  6.  7.  8.  9. 10. 11. 12. 13. 14. 15. 16.],1642.0,17,"[1640. 1642. 1643. 1644. 1645. 1646. 1647. 1648. 1649. 1650. 1651. 1652.
 1653. 1654. 1655. 1656. 1657. 1658.]",[-2.  0.  1.  2.  3.  4.  5.  6.  7.  8.  9. 10. 11. 12. 13. 14. 15. 16.],2536.0,16,"[2536. 2537. 2538. 2539. 2540. 2541. 2542. 2543. 2544. 2545. 2546. 2547.
 2548. 2549. 2550. 2551. 2552.]",[ 0.  1.  2.  3.  4.  5.  6.  7.  8.  9. 10. 11. 12. 13. 14. 15. 16.],True,True,True
1643,752.0,17,"[751. 752. 753. 754. 755. 756. 757. 758. 759. 760. 761. 762. 763. 764.
 765. 766. 767. 768.]",[-1.  0.  1.  2.  3.  4.  5.  6.  7.  8.  9. 10. 11. 12. 13. 14. 15. 16.],1643.0,18,"[1640. 1642. 1643. 1644. 1645. 1646. 1647. 1648. 1649. 1650. 1651. 1652.
 1653. 1654. 1655. 1656. 1657. 1658. 1659.]","[-3. -1.  0.  1.  2.  3.  4.  5.  6.  7.  8.  9. 10. 11. 12. 13. 14. 15.
 16.]",2537.0,17,"[2536. 2537. 2538. 2539. 2540. 2541. 2542. 2543. 2544. 2545. 2546. 2547.
 2548. 2549. 2550. 2551. 2552. 2553.]",[-1.  0.  1.  2.  3.  4.  5.  6.  7.  8.  9. 10. 11. 12. 13. 14. 15. 16.],True,True,True
1644,753.0,18,"[751. 752. 753. 754. 755. 756. 757. 758. 759. 760. 761. 762. 763. 764.
 765. 766. 767. 768. 769.]","[-2. -1.  0.  1.  2.  3.  4.  5.  6.  7.  8.  9. 10. 11. 12. 13. 14. 15.
 16.]",1644.0,19,"[1640. 1642. 1643. 1644. 1645. 1646. 1647. 1648. 1649. 1650. 1651. 1652.
 1653. 1654. 1655. 1656. 1657. 1658. 1659. 1660.]","[-4. -2. -1.  0.  1.  2.  3.  4.  5.  6.  7.  8.  9. 10. 11. 12. 13. 14.
 15. 16.]",2538.0,18,"[2536. 2537. 2538. 2539. 2540. 2541. 2542. 2543. 2544. 2545. 2546. 2547.
 2548. 2549. 2550. 2551. 2552. 2553. 2554.]","[-2. -1.  0.  1.  2.  3.  4.  5.  6.  7.  8.  9. 10. 11. 12. 13. 14. 15.
 16.]",True,True,True
1645,754.0,19,"[751. 752. 753. 754. 755. 756. 757. 758. 759. 760. 761. 762. 763. 764.
 765. 766. 767. 768. 769. 770.]","[-3. -2. -1.  0.  1.  2.  3.  4.  5.  6.  7.  8.  9. 10. 11. 12. 13. 14.
 15. 16.]",1645.0,20,"[1640. 1642. 1643. 1644. 1645. 1646. 1647. 1648. 1649. 1650. 1651. 1652.
 1653. 1654. 1655. 1656. 1657. 1658. 1659. 1660. 1661.]","[-5. -3. -2. -1.  0.  1.  2.  3.  4.  5.  6.  7.  8.  9. 10. 11. 12. 13.
 14. 15. 16.]",2539.0,19,"[2536. 2537. 2538. 2539. 2540. 2541. 2542. 2543. 2544. 2545. 2546. 2547.
 2548. 2549. 2550. 2551. 2552. 2553. 2554. 2555.]","[-3. -2. -1.  0.  1.  2.  3.  4.  5.  6.  7.  8.  9. 10. 11. 12. 13. 14.
 15. 16.]",True,True,True
1646,755.0,20,"[751. 752. 753. 754. 755. 756. 757. 758. 759. 760. 761. 762. 763. 764.
 765. 766. 767. 768. 769. 770. 771.]","[-4. -3. -2. -1.  0.  1.  2.  3.  4.  5.  6.  7.  8.  9. 10. 11. 12. 13.
 14. 15. 16.]",1646.0,21,"[1640. 1642. 1643. 1644. 1645. 1646. 1647. 1648. 1649. 1650. 1651. 1652.
 1653. 1654. 1655. 1656. 1657. 1658. 1659. 1660. 1661. 1662.]","[-6. -4. -3. -2. -1.  0.  1.  2.  3.  4.  5.  6.  7.  8.  9. 10. 11. 12.
 13. 14. 15. 16.]",2540.0,20,"[2536. 2537. 2538. 2539. 2540. 2541. 2542. 2543. 2544. 2545. 2546. 2547.
 2548. 2549. 2550. 2551. 2552. 2553. 2554. 2555. 2556.]","[-4. -3. -2. -1.  0.  1.  2.  3.  4.  5.  6.  7.  8.  9. 10. 11. 12. 13.
 14. 15. 16.]",True,True,True
1647,756.0,21,"[751. 752. 753. 754. 755. 756. 757. 758. 759. 760. 761. 762. 763. 764.
 765. 766. 767. 768. 769. 770. 771. 772.]","[-5. -4. -3. -2. -1.  0.  1.  2.  3.  4.  5.  6.  7.  8.  9. 10. 11. 12.
 13. 14. 15. 16.]",1647.0,22,"[1640. 1642. 1643. 1644. 1645. 1646. 1647. 1648. 1649. 1650. 1651. 1652.
 1653. 1654. 1655. 1656. 1657. 1658. 1659. 1660. 1661. 1662. 1663.]","[-7. -5. -4. -3. -2. -1.  0.  1.  2.  3.  4.  5.  6.  7.  8.  9. 10. 11.
 12. 13. 14. 15. 16.]",2541.0,21,"[2536. 2537. 2538. 2539. 2540. 2541. 2542. 2543. 2544. 2545. 2546. 2547.
 2548. 2549. 2550. 2551. 2552. 2553. 2554. 2555. 2556. 2557.]","[-5. -4. -3. -2. -1.  0.  1.  2.  3.  4.  5.  6.  7.  8.  9. 10. 11. 12.
 13. 14. 15. 16.]",True,True,True
1648,757.0,22,"[751. 752. 753. 754. 755. 756. 757. 758. 759. 760. 761. 762. 763. 764.
 765. 766. 767. 768. 769. 770. 771. 772. 773.]","[-6. -5. -4. -3. -2. -1.  0.  1.  2.  3.  4.  5.  6.  7.  8.  9. 10. 11.
 12. 13. 14. 15. 16.]",1648.0,23,"[1640. 1642. 1643. 1644. 1645. 1646. 1647. 1648. 1649. 1650. 1651. 1652.
 1653. 1654. 1655. 1656. 1657. 1658. 1659. 1660. 1661. 1662. 1663. 1664.]","[-8. -6. -5. -4. -3. -2. -1.  0.  1.  2.  3.  4.  5.  6.  7.  8.  9. 10.
 11. 12. 13. 14. 15. 16.]",2542.0,22,"[2536. 2537. 2538. 2539. 2540. 2541. 2542. 2543. 2544. 2545. 2546. 2547.
 2548. 2549. 2550. 2551. 2552. 2553. 2554. 2555. 2556. 2557. 2558.]","[-6. -5. -4. -3. -2. -1.  0.  1.  2.  3.  4.  5.  6.  7.  8.  9. 10. 11.
 12. 13. 14. 15. 16.]",True,True,True
1649,758.0,23,"[751. 752. 753. 754. 755. 756. 757. 758. 759. 760. 761. 762. 763. 764.
 765. 766. 767. 768. 769. 770. 771. 772. 773. 774.]","[-7. -6. -5. -4. -3. -2. -1.  0.  1.  2.  3.  4.  5.  6.  7.  8.  9. 10.
 11. 12. 13. 14. 15. 16.]",1649.0,24,"[1640. 1642. 1643. 1644. 1645. 1646. 1647. 1648. 1649. 1650. 1651. 1652.
 1653. 1654. 1655. 1656. 1657. 1658. 1659. 1660. 1661. 1662. 1663. 1664.
 1665.]","[-9. -7. -6. -5. -4. -3. -2. -1.  0.  1.  2.  3.  4.  5.  6.  7.  8.  9.
 10. 11. 12. 13. 14. 15. 16.]",2543.0,23,"[2536. 2537. 2538. 2539. 2540. 2541. 2542. 2543. 2544. 2545. 2546. 2547.
 2548. 2549. 2550. 2551. 2552. 2553. 2554. 2555. 2556. 2557. 2558. 2559.]","[-7. -6. -5. -4. -3. -2. -1.  0.  1.  2.  3.  4.  5.  6.  7.  8.  9. 10.
 11. 12. 13. 14. 15. 16.]",True,True,True
1650,759.0,24,"[751. 752. 753. 754. 755. 756. 757. 758. 759. 760. 761. 762. 763. 764.
 765. 766. 767. 768. 769. 770. 771. 772. 773. 774. 775.]","[-8. -7. -6. -5. -4. -3. -2. -1.  0.  1.  2.  3.  4.  5.  6.  7.  8.  9.
 10. 11. 12. 13. 14. 15. 16.]",1650.0,25,"[1640. 1642. 1643. 1644. 1645. 1646. 1647. 1648. 1649. 1650. 1651. 1652.
 1653. 1654. 1655. 1656. 1657. 1658. 1659. 1660. 1661. 1662. 1663. 1664.
 1665. 1666.]","[-10.  -8.  -7.  -6.  -5.  -4.  -3.  -2.  -1.   0.   1.   2.   3.   4.
   5.   6.   7.   8.   9.  10.  11.  12.  13.  14.  15.  16.]",2544.0,24,"[2536. 2537. 2538. 2539. 2540. 2541. 2542. 2543. 2544. 2545. 2546. 2547.
 2548. 2549. 2550. 2551. 2552. 2553. 2554. 2555. 2556. 2557. 2558. 2559.
 2560.]","[-8. -7. -6. -5. -4. -3. -2. -1.  0.  1.  2.  3.  4.  5.  6.  7.  8.  9.
 10. 11. 12. 13. 14. 15. 16.]",True,True,True
1651,760.0,25,"[751. 752. 753. 754. 755. 756. 757. 758. 759. 760. 761. 762. 763. 764.
 765. 766. 767. 768. 769. 770. 771. 772. 773. 774. 775. 776.]","[-9. -8. -7. -6. -5. -4. -3. -2. -1.  0.  1.  2.  3.  4.  5.  6.  7.  8.
  9. 10. 11. 12. 13. 14. 15. 16.]",1651.0,26,"[1640. 1642. 1643. 1644. 1645. 1646. 1647. 1648. 1649. 1650. 1651. 1652.
 1653. 1654. 1655. 1656. 1657. 1658. 1659. 1660. 1661. 1662. 1663. 1664.
 1665. 1666. 1667.]","[-11.  -9.  -8.  -7.  -6.  -5.  -4.  -3.  -2.  -1.   0.   1.   2.   3.
   4.   5.   6.   7.   8.   9.  10.  11.  12.  13.  14.  15.  16.]",2545.0,25,"[2536. 2537. 2538. 2539. 2540. 2541. 2542. 2543. 2544. 2545. 2546. 2547.
 2548. 2549. 2550. 2551. 2552. 2553. 2554. 2555. 2556. 2557. 2558. 2559.
 2560. 2561.]","[-9. -8. -7. -6. -5. -4. -3. -2. -1.  0.  1.  2.  3.  4.  5.  6.  7.  8.
  9. 10. 11. 12. 13. 14. 15. 16.]",True,True,True
1652,761.0,26,"[751. 752. 753. 754. 755. 756. 757. 758. 759. 760. 761. 762. 763. 764.
 765. 766. 767. 768. 769. 770. 771. 772. 773. 774. 775. 776. 777.]","[-10.  -9.  -8.  -7.  -6.  -5.  -4.  -3.  -2.  -1.   0.   1.   2.   3.
   4.   5.   6.   7.   8.   9.  10.  11.  12.  13.  14.  15.  16.]",1652.0,27,"[1640. 1642. 1643. 1644. 1645. 1646. 1647. 1648. 1649. 1650. 1651. 1652.
 1653. 1654. 1655. 1656. 1657. 1658. 1659. 1660. 1661. 1662. 1663. 1664.
 1665. 1666. 1667. 1668.]","[-12. -10.  -9.  -8.  -7.  -6.  -5.  -4.  -3.  -2.  -1.   0.   1.   2.
   3.   4.   5.   6.   7.   8.   9.  10.  11.  12.  13.  14.  15.  16.]",2546.0,26,"[2536. 2537. 2538. 2539. 2540. 2541. 2542. 2543. 2544. 2545. 2546. 2547.
 2548. 2549. 2550. 2551. 2552. 2553. 2554. 2555. 2556. 2557. 2558. 2559.
 2560. 2561. 2562.]","[-10.  -9.  -8.  -7.  -6.  -5.  -4.  -3.  -2.  -1.   0.   1.   2.   3.
   4.   5.   6.   7.   8.   9.  10.  11.  12.  13.  14.  15.  16.]",True,True,True
1653,762.0,27,"[751. 752. 753. 754. 755. 756. 757. 758. 759. 760. 761. 762. 763. 764.
 765. 766. 767. 768. 769. 770. 771. 772. 773. 774. 775. 776. 777. 778.]","[-11. -10.  -9.  -8.  -7.  -6.  -5.  -4.  -3.  -2.  -1.   0.   1.   2.
   3.   4.   5.   6.   7.   8.   9.  10.  11.  12.  13.  14.  15.  16.]",1653.0,28,"[1640. 1642. 1643. 1644. 1645. 1646. 1647. 1648. 1649. 1650. 1651. 1652.
 1653. 1654. 1655. 1656. 1657. 1658. 1659. 1660. 1661. 1662. 1663. 1664.
 1665. 1666. 1667. 1668. 1669.]","[-13. -11. -10.  -9.  -8.  -7.  -6.  -5.  -4.  -3.  -2.  -1.   0.   1.
   2.   3.   4.   5.   6.   7.   8.   9.  10.  11.  12.  13.  14.  15.
  16.]",2547.0,27,"[2536. 2537. 2538. 2539. 2540. 2541. 2542. 2543. 2544. 2545. 2546. 2547.
 2548. 2549. 2550. 2551. 2552. 2553. 2554. 2555. 2556. 2557. 2558. 2559.
 2560. 2561. 2562. 2563.]","[-11. -10.  -9.  -8.  -7.  -6.  -5.  -4.  -3.  -2.  -1.   0.   1.   2.
   3.   4.   5.   6.   7.   8.   9.  10.  11.  12.  13.  14.  15.  16.]",True,True,True
1654,763.0,28,"[751. 752. 753. 754. 755. 756. 757. 758. 759. 760. 761. 762. 763. 764.
 765. 766. 767. 768. 769. 770. 771. 772. 773. 774. 775. 776. 777. 778.
 779.]","[-12. -11. -10.  -9.  -8.  -7.  -6.  -5.  -4.  -3.  -2.  -1.   0.   1.
   2.   3.   4.   5.   6.   7.   8.   9.  10.  11.  12.  13.  14.  15.
  16.]",1654.0,29,"[1640. 1642. 1643. 1644. 1645. 1646. 1647. 1648. 1649. 1650. 1651. 1652.
 1653. 1654. 1655. 1656. 1657. 1658. 1659. 1660. 1661. 1662. 1663. 1664.
 1665. 1666. 1667. 1668. 1669. 1670.]","[-14. -12. -11. -10.  -9.  -8.  -7.  -6.  -5.  -4.  -3.  -2.  -1.   0.
   1.   2.   3.   4.   5.   6.   7.   8.   9.  10.  11.  12.  13.  14.
  15.  16.]",2548.0,28,"[2536. 2537. 2538. 2539. 2540. 2541. 2542. 2543. 2544. 2545. 2546. 2547.
 2548. 2549. 2550. 2551. 2552. 2553. 2554. 2555. 2556. 2557. 2558. 2559.
 2560. 2561. 2562. 2563. 2564.]","[-12. -11. -10.  -9.  -8.  -7.  -6.  -5.  -4.  -3.  -2.  -1.   0.   1.
   2.   3.   4.   5.   6.   7.   8.   9.  10.  11.  12.  13.  14.  15.
  16.]",True,True,True
1655,764.0,29,"[751. 752. 753. 754. 755. 756. 757. 758. 759. 760. 761. 762. 763. 764.
 765. 766. 767. 768. 769. 770. 771. 772. 773. 774. 775. 776. 777. 778.
 779. 780.]","[-13. -12. -11. -10.  -9.  -8.  -7.  -6.  -5.  -4.  -3.  -2.  -1.   0.
   1.   2.   3.   4.   5.   6.   7.   8.   9.  10.  11.  12.  13.  14.
  15.  16.]",1655.0,30,"[1640. 1642. 1643. 1644. 1645. 1646. 1647. 1648. 1649. 1650. 1651. 1652.
 1653. 1654. 1655. 1656. 1657. 1658. 1659. 1660. 1661. 1662. 1663. 1664.
 1665. 1666. 1667. 1668. 1669. 1670. 1671.]","[-15. -13. -12. -11. -10.  -9.  -8.  -7.  -6.  -5.  -4.  -3.  -2.  -1.
   0.   1.   2.   3.   4.   5.   6.   7.   8.   9.  10.  11.  12.  13.
  14.  15.  16.]",2549.0,29,"[2536. 2537. 2538. 2539. 2540. 2541. 2542. 2543. 2544. 2545. 2546. 2547.
 2548. 2549. 2550. 2551. 2552. 2553. 2554. 2555. 2556. 2557. 2558. 2559.
 2560. 2561. 2562. 2563. 2564. 2565.]","[-13. -12. -11. -10.  -9.  -8.  -7.  -6.  -5.  -4.  -3.  -2.  -1.   0.
   1.   2.   3.   4.   5.   6.   7.   8.   9.  10.  11.  12.  13.  14.
  15.  16.]",True,True,True
1656,765.0,30,"[751. 752. 753. 754. 755. 756. 757. 758. 759. 760. 761. 762. 763. 764.
 765. 766. 767. 768. 769. 770. 771. 772. 773. 774. 775. 776. 777. 778.
 779. 780. 781.]","[-14. -13. -12. -11. -10.  -9.  -8.  -7.  -6.  -5.  -4.  -3.  -2.  -1.
   0.   1.   2.   3.   4.   5.   6.   7.   8.   9.  10.  11.  12.  13.
  14.  15.  16.]",1656.0,31,"[1640. 1642. 1643. 1644. 1645. 1646. 1647. 1648. 1649. 1650. 1651. 1652.
 1653. 1654. 1655. 1656. 1657. 1658. 1659. 1660. 1661. 1662. 1663. 1664.
 1665. 1666. 1667. 1668. 1669. 1670. 1671. 1672.]","[-16. -14. -13. -12. -11. -10.  -9.  -8.  -7.  -6.  -5.  -4.  -3.  -2.
  -1.   0.   1.   2.   3.   4.   5.   6.   7.   8.   9.  10.  11.  12.
  13.  14.  15.  16.]",2550.0,30,"[2536. 2537. 2538. 2539. 2540. 2541. 2542. 2543. 2544. 2545. 2546. 2547.
 2548. 2549. 2550. 2551. 2552. 2553. 2554. 2555. 2556. 2557. 2558. 2559.
 2560. 2561. 2562. 2563. 2564. 2565. 2566.]","[-14. -13. -12. -11. -10.  -9.  -8.  -7.  -6.  -5.  -4.  -3.  -2.  -1.
   0.   1.   2.   3.   4.   5.   6.   7.   8.   9.  10.  11.  12.  13.
  14.  15.  16.]",True,True,True
1657,766.0,31,"[751. 752. 753. 754. 755. 756. 757. 758. 759. 760. 761. 762. 763. 764.
 765. 766. 767. 768. 769. 770. 771. 772. 773. 774. 775. 776. 777. 778.
 779. 780. 781. 782.]","[-15. -14. -13. -12. -11. -10.  -9.  -8.  -7.  -6.  -5.  -4.  -3.  -2.
  -1.   0.   1.   2.   3.   4.   5.   6.   7.   8.   9.  10.  11.  12.
  13.  14.  15.  16.]",1657.0,31,"[1642. 1643. 1644. 1645. 1646. 1647. 1648. 1649. 1650. 1651. 1652. 1653.
 1654. 1655. 1656. 1657. 1658. 1659. 1660. 1661. 1662. 1663. 1664. 1665.
 1666. 1667. 1668. 1669. 1670. 1671. 1672. 1673.]","[-15. -14. -13. -12. -11. -10.  -9.  -8.  -7.  -6.  -5.  -4.  -3.  -2.
  -1.   0.   1.   2.   3.   4.   5.   6.   7.   8.   9.  10.  11.  12.
  13.  14.  15.  16.]",2551.0,31,"[2536. 2537. 2538. 2539. 2540. 2541. 2542. 2543. 2544. 2545. 2546. 2547.
 2548. 2549. 2550. 2551. 2552. 2553. 2554. 2555. 2556. 2557. 2558. 2559.
 2560. 2561. 2562. 2563. 2564. 2565. 2566. 2567.]","[-15. -14. -13. -12. -11. -10.  -9.  -8.  -7.  -6.  -5.  -4.  -3.  -2.
  -1.   0.   1.   2.   3.   4.   5.   6.   7.   8.   9.  10.  11.  12.
  13.  14.  15.  16.]",True,True,True
1658,767.0,32,"[751. 752. 753. 754. 755. 756. 757. 758. 759. 760. 761. 762. 763. 764.
 765. 766. 767. 768. 769. 770. 771. 772. 773. 774. 775. 776. 777. 778.
 779. 780. 781. 782. 783.]","[-16. -15. -14. -13. -12. -11. -10.  -9.  -8.  -7.  -6.  -5.  -4.  -3.
  -2.  -1.   0.   1.   2.   3.   4.   5.   6.   7.   8.   9.  10.  11.
  12.  13.  14.  15.  16.]",1658.0,32,"[1642. 1643. 1644. 1645. 1646. 1647. 1648. 1649. 1650. 1651. 1652. 1653.
 1654. 1655. 1656. 1657. 1658. 1659. 1660. 1661. 1662. 1663. 1664. 1665.
 1666. 1667. 1668. 1669. 1670. 1671. 1672. 1673. 1674.]","[-16. -15. -14. -13. -12. -11. -10.  -9.  -8.  -7.  -6.  -5.  -4.  -3.
  -2.  -1.   0.   1.   2.   3.   4.   5.   6.   7.   8.   9.  10.  11.
  12.  13.  14.  15.  16.]",2552.0,32,"[2536. 2537. 2538. 2539. 2540. 2541. 2542. 2543. 2544. 2545. 2546. 2547.
 2548. 2549. 2550. 2551. 2552. 2553. 2554. 2555. 2556. 2557. 2558. 2559.
 2560. 2561. 2562. 2563. 2564. 2565. 2566. 2567. 2568.]","[-16. -15. -14. -13. -12. -11. -10.  -9.  -8.  -7.  -6.  -5.  -4.  -3.
  -2.  -1.   0.   1.   2.   3.   4.   5.   6.   7.   8.   9.  10.  11.
  12.  13.  14.  15.  16.]",True,True,True
1659,768.0,32,"[752. 753. 754. 755. 756. 757. 758. 759. 760. 761. 762. 763. 764. 765.
 766. 767. 768. 769. 770. 771. 772. 773. 774. 775. 776. 777. 778. 779.
 780. 781. 782. 783. 784.]","[-16. -15. -14. -13. -12. -11. -10.  -9.  -8.  -7.  -6.  -5.  -4.  -3.
  -2.  -1.   0.   1.   2.   3.   4.   5.   6.   7.   8.   9.  10.  11.
  12.  13.  14.  15.  16.]",1659.0,32,"[1643. 1644. 1645. 1646. 1647. 1648. 1649. 1650. 1651. 1652. 1653. 1654.
 1655. 1656. 1657. 1658. 1659. 1660. 1661. 1662. 1663. 1664. 1665. 1666.
 1667. 1668. 1669. 1670. 1671. 1672. 1673. 1674. 1675.]","[-16. -15. -14. -13. -12. -11. -10.  -9.  -8.  -7.  -6.  -5.  -4.  -3.
  -2.  -1.   0.   1.   2.   3.   4.   5.   6.   7.   8.   9.  10.  11.
  12.  13.  14.  15.  16.]",2553.0,32,"[2537. 2538. 2539. 2540. 2541. 2542. 2543. 2544. 2545. 2546. 2547. 2548.
 2549. 2550. 2551. 2552. 2553. 2554. 2555. 2556. 2557. 2558. 2559. 2560.
 2561. 2562. 2563. 2564. 2565. 2566. 2567. 2568. 2569.]","[-16. -15. -14. -13. -12. -11. -10.  -9.  -8.  -7.  -6.  -5.  -4.  -3.
  -2.  -1.   0.   1.   2.   3.   4.   5.   6.   7.   8.   9.  10.  11.
  12.  13.  14.  15.  16.]",True,True,True
1660,769.0,32,"[753. 754. 755. 756. 757. 758. 759. 760. 761. 762. 763. 764. 765. 766.
 767. 768. 769. 770. 771. 772. 773. 774. 775. 776. 777. 778. 779. 780.
 781. 782. 783. 784. 785.]","[-16. -15. -14. -13. -12. -11. -10.  -9.  -8.  -7.  -6.  -5.  -4.  -3.
  -2.  -1.   0.   1.   2.   3.   4.   5.   6.   7.   8.   9.  10.  11.
  12.  13.  14.  15.  16.]",1660.0,32,"[1644. 1645. 1646. 1647. 1648. 1649. 1650. 1651. 1652. 1653. 1654. 1655.
 1656. 1657. 1658. 1659. 1660. 1661. 1662. 1663. 1664. 1665. 1666. 1667.
 1668. 1669. 1670. 1671. 1672. 1673. 1674. 1675. 1676.]","[-16. -15. -14. -13. -12. -11. -10.  -9.  -8.  -7.  -6.  -5.  -4.  -3.
  -2.  -1.   0.   1.   2.   3.   4.   5.   6.   7.   8.   9.  10.  11.
  12.  13.  14.  15.  16.]",2554.0,32,"[2538. 2539. 2540. 2541. 2542. 2543. 2544. 2545. 2546. 2547. 2548. 2549.
 2550. 2551. 2552. 2553. 2554. 2555. 2556. 2557. 2558. 2559. 2560. 2561.
 2562. 2563. 2564. 2565. 2566. 2567. 2568. 2569. 2570.]","[-16. -15. -14. -13. -12. -11. -10.  -9.  -8.  -7.  -6.  -5.  -4.  -3.
  -2.  -1.   0.   1.   2.   3.   4.   5.   6.   7.   8.   9.  10.  11.
  12.  13.  14.  15.  16.]",True,True,True
1661,770.0,32,"[754. 755. 756. 757. 758. 759. 760. 761. 762. 763. 764. 765. 766. 767.
 768. 769. 770. 771. 772. 773. 774. 775. 776. 777. 778. 779. 780. 781.
 782. 783. 784. 785. 786.]","[-16. -15. -14. -13. -12. -11. -10.  -9.  -8.  -7.  -6.  -5.  -4.  -3.
  -2.  -1.   0.   1.   2.   3.   4.   5.   6.   7.   8.   9.  10.  11.
  12.  13.  14.  15.  16.]",1661.0,32,"[1645. 1646. 1647. 1648. 1649. 1650. 1651. 1652. 1653. 1654. 1655. 1656.
 1657. 1658. 1659. 1660. 1661. 1662. 1663. 1664. 1665. 1666. 1667. 1668.
 1669. 1670. 1671. 1672. 1673. 1674. 1675. 1676. 1677.]","[-16. -15. -14. -13. -12. -11. -10.  -9.  -8.  -7.  -6.  -5.  -4.  -3.
  -2.  -1.   0.   1.   2.   3.   4.   5.   6.   7.   8.   9.  10.  11.
  12.  13.  14.  15.  16.]",2555.0,32,"[2539. 2540. 2541. 2542. 2543. 2544. 2545. 2546. 2547. 2548. 2549. 2550.
 2551. 2552. 2553. 2554. 2555. 2556. 2557. 2558. 2559. 2560. 2561. 2562.
 2563. 2564. 2565. 2566. 2567. 2568. 2569. 2570. 2571.]","[-16. -15. -14. -13. -12. -11. -10.  -9.  -8.  -7.  -6.  -5.  -4.  -3.
  -2.  -1.   0.   1.   2.   3.   4.   5.   6.   7.   8.   9.  10.  11.
  12.  13.  14.  15.  16.]",True,True,True
1662,771.0,32,"[755. 756. 757. 758. 759. 760. 761. 762. 763. 764. 765. 766. 767. 768.
 769. 770. 771. 772. 773. 774. 775. 776. 777. 778. 779. 780. 781. 782.
 783. 784. 785. 786. 787.]","[-16. -15. -14. -13. -12. -11. -10.  -9.  -8.  -7.  -6.  -5.  -4.  -3.
  -2.  -1.   0.   1.   2.   3.   4.   5.   6.   7.   8.   9.  10.  11.
  12.  13.  14.  15.  16.]",1662.0,32,"[1646. 1647. 1648. 1649. 1650. 1651. 1652. 1653. 1654. 1655. 1656. 1657.
 1658. 1659. 1660. 1661. 1662. 1663. 1664. 1665. 1666. 1667. 1668. 1669.
 1670. 1671. 1672. 1673. 1674. 1675. 1676. 1677. 1678.]","[-16. -15. -14. -13. -12. -11. -10.  -9.  -8.  -7.  -6.  -5.  -4.  -3.
  -2.  -1.   0.   1.   2.   3.   4.   5.   6.   7.   8.   9.  10.  11.
  12.  13.  14.  15.  16.]",2556.0,32,"[2540. 2541. 2542. 2543. 2544. 2545. 2546. 2547. 2548. 2549. 2550. 2551.
 2552. 2553. 2554. 2555. 2556. 2557. 2558. 2559. 2560. 2561. 2562. 2563.
 2564. 2565. 2566. 2567. 2568. 2569. 2570. 2571. 2572.]","[-16. -15. -14. -13. -12. -11. -10.  -9.  -8.  -7.  -6.  -5.  -4.  -3.
  -2.  -1.   0.   1.   2.   3.   4.   5.   6.   7.   8.   9.  10.  11.
  12.  13.  14.  15.  16.]",True,True,True
1663,772.0,32,"[756. 757. 758. 759. 760. 761. 762. 763. 764. 765. 766. 767. 768. 769.
 770. 771. 772. 773. 774. 775. 776. 777. 778. 779. 780. 781. 782. 783.
 784. 785. 786. 787. 788.]","[-16. -15. -14. -13. -12. -11. -10.  -9.  -8.  -7.  -6.  -5.  -4.  -3.
  -2.  -1.   0.   1.   2.   3.   4.   5.   6.   7.   8.   9.  10.  11.
  12.  13.  14.  15.  16.]",1663.0,32,"[1647. 1648. 1649. 1650. 1651. 1652. 1653. 1654. 1655. 1656. 1657. 1658.
 1659. 1660. 1661. 1662. 1663. 1664. 1665. 1666. 1667. 1668. 1669. 1670.
 1671. 1672. 1673. 1674. 1675. 1676. 1677. 1678. 1679.]","[-16. -15. -14. -13. -12. -11. -10.  -9.  -8.  -7.  -6.  -5.  -4.  -3.
  -2.  -1.   0.   1.   2.   3.   4.   5.   6.   7.   8.   9.  10.  11.
  12.  13.  14.  15.  16.]",2557.0,32,"[2541. 2542. 2543. 2544. 2545. 2546. 2547. 2548. 2549. 2550. 2551. 2552.
 2553. 2554. 2555. 2556. 2557. 2558. 2559. 2560. 2561. 2562. 2563. 2564.
 2565. 2566. 2567. 2568. 2569. 2570. 2571. 2572. 2573.]","[-16. -15. -14. -13. -12. -11. -10.  -9.  -8.  -7.  -6.  -5.  -4.  -3.
  -2.  -1.   0.   1.   2.   3.   4.   5.   6.   7.   8.   9.  10.  11.
  12.  13.  14.  15.  16.]",True,True,True
1664,773.0,32,"[757. 758. 759. 760. 761. 762. 763. 764. 765. 766. 767. 768. 769. 770.
 771. 772. 773. 774. 775. 776. 777. 778. 779. 780. 781. 782. 783. 784.
 785. 786. 787. 788. 789.]","[-16. -15. -14. -13. -12. -11. -10.  -9.  -8.  -7.  -6.  -5.  -4.  -3.
  -2.  -1.   0.   1.   2.   3.   4.   5.   6.   7.   8.   9.  10.  11.
  12.  13.  14.  15.  16.]",1664.0,32,"[1648. 1649. 1650. 1651. 1652. 1653. 1654. 1655. 1656. 1657. 1658. 1659.
 1660. 1661. 1662. 1663. 1664. 1665. 1666. 1667. 1668. 1669. 1670. 1671.
 1672. 1673. 1674. 1675. 1676. 1677. 1678. 1679. 1680.]","[-16. -15. -14. -13. -12. -11. -10.  -9.  -8.  -7.  -6.  -5.  -4.  -3.
  -2.  -1.   0.   1.   2.   3.   4.   5.   6.   7.   8.   9.  10.  11.
  12.  13.  14.  15.  16.]",2558.0,32,"[2542. 2543. 2544. 2545. 2546. 2547. 2548. 2549. 2550. 2551. 2552. 2553.
 2554. 2555. 2556. 2557. 2558. 2559. 2560. 2561. 2562. 2563. 2564. 2565.
 2566. 2567. 2568. 2569. 2570. 2571. 2572. 2573. 2574.]","[-16. -15. -14. -13. -12. -11. -10.  -9.  -8.  -7.  -6.  -5.  -4.  -3.
  -2.  -1.   0.   1.   2.   3.   4.   5.   6.   7.   8.   9.  10.  11.
  12.  13.  14.  15.  16.]",True,True,True
1665,774.0,32,"[758. 759. 760. 761. 762. 763. 764. 765. 766. 767. 768. 769. 770. 771.
 772. 773. 774. 775. 776. 777. 778. 779. 780. 781. 782. 783. 784. 785.
 786. 787. 788. 789. 790.]","[-16. -15. -14. -13. -12. -11. -10.  -9.  -8.  -7.  -6.  -5.  -4.  -3.
  -2.  -1.   0.   1.   2.   3.   4.   5.   6.   7.   8.   9.  10.  11.
  12.  13.  14.  15.  16.]",1665.0,32,"[1649. 1650. 1651. 1652. 1653. 1654. 1655. 1656. 1657. 1658. 1659. 1660.
 1661. 1662. 1663. 1664. 1665. 1666. 1667. 1668. 1669. 1670. 1671. 1672.
 1673. 1674. 1675. 1676. 1677. 1678. 1679. 1680. 1681.]","[-16. -15. -14. -13. -12. -11. -10.  -9.  -8.  -7.  -6.  -5.  -4.  -3.
  -2.  -1.   0.   1.   2.   3.   4.   5.   6.   7.   8.   9.  10.  11.
  12.  13.  14.  15.  16.]",2559.0,32,"[2543. 2544. 2545. 2546. 2547. 2548. 2549. 2550. 2551. 2552. 2553. 2554.
 2555. 2556. 2557. 2558. 2559. 2560. 2561. 2562. 2563. 2564. 2565. 2566.
 2567. 2568. 2569. 2570. 2571. 2572. 2573. 2574. 2575.]","[-16. -15. -14. -13. -12. -11. -10.  -9.  -8.  -7.  -6.  -5.  -4.  -3.
  -2.  -1.   0.   1.   2.   3.   4.   5.   6.   7.   8.   9.  10.  11.
  12.  13.  14.  15.  16.]",True,True,True
1666,775.0,32,"[759. 760. 761. 762. 763. 764. 765. 766. 767. 768. 769. 770. 771. 772.
 773. 774. 775. 776. 777. 778. 779. 780. 781. 782. 783. 784. 785. 786.
 787. 788. 789. 790. 791.]","[-16. -15. -14. -13. -12. -11. -10.  -9.  -8.  -7.  -6.  -5.  -4.  -3.
  -2.  -1.   0.   1.   2.   3.   4.   5.   6.   7.   8.   9.  10.  11.
  12.  13.  14.  15.  16.]",1666.0,32,"[1650. 1651. 1652. 1653. 1654. 1655. 1656. 1657. 1658. 1659. 1660. 1661.
 1662. 1663. 1664. 1665. 1666. 1667. 1668. 1669. 1670. 1671. 1672. 1673.
 1674. 1675. 1676. 1677. 1678. 1679. 1680. 1681. 1682.]","[-16. -15. -14. -13. -12. -11. -10.  -9.  -8.  -7.  -6.  -5.  -4.  -3.
  -2.  -1.   0.   1.   2.   3.   4.   5.   6.   7.   8.   9.  10.  11.
  12.  13.  14.  15.  16.]",2560.0,32,"[2544. 2545. 2546. 2547. 2548. 2549. 2550. 2551. 2552. 2553. 2554. 2555.
 2556. 2557. 2558. 2559. 2560. 2561. 2562. 2563. 2564. 2565. 2566. 2567.
 2568. 2569. 2570. 2571. 2572. 2573. 2574. 2575. 2576.]","[-16. -15. -14. -13. -12. -11. -10.  -9.  -8.  -7.  -6.  -5.  -4.  -3.
  -2.  -1.   0.   1.   2.   3.   4.   5.   6.   7.   8.   9.  10.  11.
  12.  13.  14.  15.  16.]",True,True,True
1667,776.0,32,"[760. 761. 762. 763. 764. 765. 766. 767. 768. 769. 770. 771. 772. 773.
 774. 775. 776. 777. 778. 779. 780. 781. 782. 783. 784. 785. 786. 787.
 788. 789. 790. 791. 792.]","[-16. -15. -14. -13. -12. -11. -10.  -9.  -8.  -7.  -6.  -5.  -4.  -3.
  -2.  -1.   0.   1.   2.   3.   4.   5.   6.   7.   8.   9.  10.  11.
  12.  13.  14.  15.  16.]",1667.0,32,"[1651. 1652. 1653. 1654. 1655. 1656. 1657. 1658. 1659. 1660. 1661. 1662.
 1663. 1664. 1665. 1666. 1667. 1668. 1669. 1670. 1671. 1672. 1673. 1674.
 1675. 1676. 1677. 1678. 1679. 1680. 1681. 1682. 1683.]","[-16. -15. -14. -13. -12. -11. -10.  -9.  -8.  -7.  -6.  -5.  -4.  -3.
  -2.  -1.   0.   1.   2.   3.   4.   5.   6.   7.   8.   9.  10.  11.
  12.  13.  14.  15.  16.]",2561.0,32,"[2545. 2546. 2547. 2548. 2549. 2550. 2551. 2552. 2553. 2554. 2555. 2556.
 2557. 2558. 2559. 2560. 2561. 2562. 2563. 2564. 2565. 2566. 2567. 2568.
 2569. 2570. 2571. 2572. 2573. 2574. 2575. 2576. 2577.]","[-16. -15. -14. -13. -12. -11. -10.  -9.  -8.  -7.  -6.  -5.  -4.  -3.
  -2.  -1.   0.   1.   2.   3.   4.   5.   6.   7.   8.   9.  10.  11.
  12.  13.  14.  15.  16.]",True,True,True
1668,777.0,32,"[761. 762. 763. 764. 765. 766. 767. 768. 769. 770. 771. 772. 773. 774.
 775. 776. 777. 778. 779. 780. 781. 782. 783. 784. 785. 786. 787. 788.
 789. 790. 791. 792. 793.]","[-16. -15. -14. -13. -12. -11. -10.  -9.  -8.  -7.  -6.  -5.  -4.  -3.
  -2.  -1.   0.   1.   2.   3.   4.   5.   6.   7.   8.   9.  10.  11.
  12.  13.  14.  15.  16.]",1668.0,32,"[1652. 1653. 1654. 1655. 1656. 1657. 1658. 1659. 1660. 1661. 1662. 1663.
 1664. 1665. 1666. 1667. 1668. 1669. 1670. 1671. 1672. 1673. 1674. 1675.
 1676. 1677. 1678. 1679. 1680. 1681. 1682. 1683. 1684.]","[-16. -15. -14. -13. -12. -11. -10.  -9.  -8.  -7.  -6.  -5.  -4.  -3.
  -2.  -1.   0.   1.   2.   3.   4.   5.   6.   7.   8.   9.  10.  11.
  12.  13.  14.  15.  16.]",2562.0,32,"[2546. 2547. 2548. 2549. 2550. 2551. 2552. 2553. 2554. 2555. 2556. 2557.
 2558. 2559. 2560. 2561. 2562. 2563. 2564. 2565. 2566. 2567. 2568. 2569.
 2570. 2571. 2572. 2573. 2574. 2575. 2576. 2577. 2578.]","[-16. -15. -14. -13. -12. -11. -10.  -9.  -8.  -7.  -6.  -5.  -4.  -3.
  -2.  -1.   0.   1.   2.   3.   4.   5.   6.   7.   8.   9.  10.  11.
  12.  13.  14.  15.  16.]",True,True,True
1669,778.0,32,"[762. 763. 764. 765. 766. 767. 768. 769. 770. 771. 772. 773. 774. 775.
 776. 777. 778. 779. 780. 781. 782. 783. 784. 785. 786. 787. 788. 789.
 790. 791. 792. 793. 794.]","[-16. -15. -14. -13. -12. -11. -10.  -9.  -8.  -7.  -6.  -5.  -4.  -3.
  -2.  -1.   0.   1.   2.   3.   4.   5.   6.   7.   8.   9.  10.  11.
  12.  13.  14.  15.  16.]",1669.0,32,"[1653. 1654. 1655. 1656. 1657. 1658. 1659. 1660. 1661. 1662. 1663. 1664.
 1665. 1666. 1667. 1668. 1669. 1670. 1671. 1672. 1673. 1674. 1675. 1676.
 1677. 1678. 1679. 1680. 1681. 1682. 1683. 1684. 1685.]","[-16. -15. -14. -13. -12. -11. -10.  -9.  -8.  -7.  -6.  -5.  -4.  -3.
  -2.  -1.   0.   1.   2.   3.   4.   5.   6.   7.   8.   9.  10.  11.
  12.  13.  14.  15.  16.]",2563.0,32,"[2547. 2548. 2549. 2550. 2551. 2552. 2553. 2554. 2555. 2556. 2557. 2558.
 2559. 2560. 2561. 2562. 2563. 2564. 2565. 2566. 2567. 2568. 2569. 2570.
 2571. 2572. 2573. 2574. 2575. 2576. 2577. 2578. 2579.]","[-16. -15. -14. -13. -12. -11. -10.  -9.  -8.  -7.  -6.  -5.  -4.  -3.
  -2.  -1.   0.   1.   2.   3.   4.   5.   6.   7.   8.   9.  10.  11.
  12.  13.  14.  15.  16.]",True,True,True
1670,779.0,32,"[763. 764. 765. 766. 767. 768. 769. 770. 771. 772. 773. 774. 775. 776.
 777. 778. 779. 780. 781. 782. 783. 784. 785. 786. 787. 788. 789. 790.
 791. 792. 793. 794. 795.]","[-16. -15. -14. -13. -12. -11. -10.  -9.  -8.  -7.  -6.  -5.  -4.  -3.
  -2.  -1.   0.   1.   2.   3.   4.   5.   6.   7.   8.   9.  10.  11.
  12.  13.  14.  15.  16.]",1670.0,32,"[1654. 1655. 1656. 1657. 1658. 1659. 1660. 1661. 1662. 1663. 1664. 1665.
 1666. 1667. 1668. 1669. 1670. 1671. 1672. 1673. 1674. 1675. 1676. 1677.
 1678. 1679. 1680. 1681. 1682. 1683. 1684. 1685. 1686.]","[-16. -15. -14. -13. -12. -11. -10.  -9.  -8.  -7.  -6.  -5.  -4.  -3.
  -2.  -1.   0.   1.   2.   3.   4.   5.   6.   7.   8.   9.  10.  11.
  12.  13.  14.  15.  16.]",2564.0,32,"[2548. 2549. 2550. 2551. 2552. 2553. 2554. 2555. 2556. 2557. 2558. 2559.
 2560. 2561. 2562. 2563. 2564. 2565. 2566. 2567. 2568. 2569. 2570. 2571.
 2572. 2573. 2574. 2575. 2576. 2577. 2578. 2579. 2580.]","[-16. -15. -14. -13. -12. -11. -10.  -9.  -8.  -7.  -6.  -5.  -4.  -3.
  -2.  -1.   0.   1.   2.   3.   4.   5.   6.   7.   8.   9.  10.  11.
  12.  13.  14.  15.  16.]",True,True,True
1671,780.0,32,"[764. 765. 766. 767. 768. 769. 770. 771. 772. 773. 774. 775. 776. 777.
 778. 779. 780. 781. 782. 783. 784. 785. 786. 787. 788. 789. 790. 791.
 792. 793. 794. 795. 796.]","[-16. -15. -14. -13. -12. -11. -10.  -9.  -8.  -7.  -6.  -5.  -4.  -3.
  -2.  -1.   0.   1.   2.   3.   4.   5.   6.   7.   8.   9.  10.  11.
  12.  13.  14.  15.  16.]",1671.0,32,"[1655. 1656. 1657. 1658. 1659. 1660. 1661. 1662. 1663. 1664. 1665. 1666.
 1667. 1668. 1669. 1670. 1671. 1672. 1673. 1674. 1675. 1676. 1677. 1678.
 1679. 1680. 1681. 1682. 1683. 1684. 1685. 1686. 1687.]","[-16. -15. -14. -13. -12. -11. -10.  -9.  -8.  -7.  -6.  -5.  -4.  -3.
  -2.  -1.   0.   1.   2.   3.   4.   5.   6.   7.   8.   9.  10.  11.
  12.  13.  14.  15.  16.]",2565.0,32,"[2549. 2550. 2551. 2552. 2553. 2554. 2555. 2556. 2557. 2558. 2559. 2560.
 2561. 2562. 2563. 2564. 2565. 2566. 2567. 2568. 2569. 2570. 2571. 2572.
 2573. 2574. 2575. 2576. 2577. 2578. 2579. 2580. 2581.]","[-16. -15. -14. -13. -12. -11. -10.  -9.  -8.  -7.  -6.  -5.  -4.  -3.
  -2.  -1.   0.   1.   2.   3.   4.   5.   6.   7.   8.   9.  10.  11.
  12.  13.  14.  15.  16.]",True,True,True
1672,781.0,32,"[765. 766. 767. 768. 769. 770. 771. 772. 773. 774. 775. 776. 777. 778.
 779. 780. 781. 782. 783. 784. 785. 786. 787. 788. 789. 790. 791. 792.
 793. 794. 795. 796. 797.]","[-16. -15. -14. -13. -12. -11. -10.  -9.  -8.  -7.  -6.  -5.  -4.  -3.
  -2.  -1.   0.   1.   2.   3.   4.   5.   6.   7.   8.   9.  10.  11.
  12.  13.  14.  15.  16.]",1672.0,32,"[1656. 1657. 1658. 1659. 1660. 1661. 1662. 1663. 1664. 1665. 1666. 1667.
 1668. 1669. 1670. 1671. 1672. 1673. 1674. 1675. 1676. 1677. 1678. 1679.
 1680. 1681. 1682. 1683. 1684. 1685. 1686. 1687. 1688.]","[-16. -15. -14. -13. -12. -11. -10.  -9.  -8.  -7.  -6.  -5.  -4.  -3.
  -2.  -1.   0.   1.   2.   3.   4.   5.   6.   7.   8.   9.  10.  11.
  12.  13.  14.  15.  16.]",2566.0,32,"[2550. 2551. 2552. 2553. 2554. 2555. 2556. 2557. 2558. 2559. 2560. 2561.
 2562. 2563. 2564. 2565. 2566. 2567. 2568. 2569. 2570. 2571. 2572. 2573.
 2574. 2575. 2576. 2577. 2578. 2579. 2580. 2581. 2582.]","[-16. -15. -14. -13. -12. -11. -10.  -9.  -8.  -7.  -6.  -5.  -4.  -3.
  -2.  -1.   0.   1.   2.   3.   4.   5.   6.   7.   8.   9.  10.  11.
  12.  13.  14.  15.  16.]",True,True,True
1673,782.0,32,"[766. 767. 768. 769. 770. 771. 772. 773. 774. 775. 776. 777. 778. 779.
 780. 781. 782. 783. 784. 785. 786. 787. 788. 789. 790. 791. 792. 793.
 794. 795. 796. 797. 798.]","[-16. -15. -14. -13. -12. -11. -10.  -9.  -8.  -7.  -6.  -5.  -4.  -3.
  -2.  -1.   0.   1.   2.   3.   4.   5.   6.   7.   8.   9.  10.  11.
  12.  13.  14.  15.  16.]",1673.0,32,"[1657. 1658. 1659. 1660. 1661. 1662. 1663. 1664. 1665. 1666. 1667. 1668.
 1669. 1670. 1671. 1672. 1673. 1674. 1675. 1676. 1677. 1678. 1679. 1680.
 1681. 1682. 1683. 1684. 1685. 1686. 1687. 1688. 1689.]","[-16. -15. -14. -13. -12. -11. -10.  -9.  -8.  -7.  -6.  -5.  -4.  -3.
  -2.  -1.   0.   1.   2.   3.   4.   5.   6.   7.   8.   9.  10.  11.
  12.  13.  14.  15.  16.]",2567.0,32,"[2551. 2552. 2553. 2554. 2555. 2556. 2557. 2558. 2559. 2560. 2561. 2562.
 2563. 2564. 2565. 2566. 2567. 2568. 2569. 2570. 2571. 2572. 2573. 2574.
 2575. 2576. 2577. 2578. 2579. 2580. 2581. 2582. 2583.]","[-16. -15. -14. -13. -12. -11. -10.  -9.  -8.  -7.  -6.  -5.  -4.  -3.
  -2.  -1.   0.   1.   2.   3.   4.   5.   6.   7.   8.   9.  10.  11.
  12.  13.  14.  15.  16.]",True,True,True
1674,783.0,32,"[767. 768. 769. 770. 771. 772. 773. 774. 775. 776. 777. 778. 779. 780.
 781. 782. 783. 784. 785. 786. 787. 788. 789. 790. 791. 792. 793. 794.
 795. 796. 797. 798. 799.]","[-16. -15. -14. -13. -12. -11. -10.  -9.  -8.  -7.  -6.  -5.  -4.  -3.
  -2.  -1.   0.   1.   2.   3.   4.   5.   6.   7.   8.   9.  10.  11.
  12.  13.  14.  15.  16.]",1674.0,32,"[1658. 1659. 1660. 1661. 1662. 1663. 1664. 1665. 1666. 1667. 1668. 1669.
 1670. 1671. 1672. 1673. 1674. 1675. 1676. 1677. 1678. 1679. 1680. 1681.
 1682. 1683. 1684. 1685. 1686. 1687. 1688. 1689. 1690.]","[-16. -15. -14. -13. -12. -11. -10.  -9.  -8.  -7.  -6.  -5.  -4.  -3.
  -2.  -1.   0.   1.   2.   3.   4.   5.   6.   7.   8.   9.  10.  11.
  12.  13.  14.  15.  16.]",2568.0,32,"[2552. 2553. 2554. 2555. 2556. 2557. 2558. 2559. 2560. 2561. 2562. 2563.
 2564. 2565. 2566. 2567. 2568. 2569. 2570. 2571. 2572. 2573. 2574. 2575.
 2576. 2577. 2578. 2579. 2580. 2581. 2582. 2583. 2584.]","[-16. -15. -14. -13. -12. -11. -10.  -9.  -8.  -7.  -6.  -5.  -4.  -3.
  -2.  -1.   0.   1.   2.   3.   4.   5.   6.   7.   8.   9.  10.  11.
  12.  13.  14.  15.  16.]",True,True,True
1675,784.0,32,"[768. 769. 770. 771. 772. 773. 774. 775. 776. 777. 778. 779. 780. 781.
 782. 783. 784. 785. 786. 787. 788. 789. 790. 791. 792. 793. 794. 795.
 796. 797. 798. 799. 800.]","[-16. -15. -14. -13. -12. -11. -10.  -9.  -8.  -7.  -6.  -5.  -4.  -3.
  -2.  -1.   0.   1.   2.   3.   4.   5.   6.   7.   8.   9.  10.  11.
  12.  13.  14.  15.  16.]",1675.0,32,"[1659. 1660. 1661. 1662. 1663. 1664. 1665. 1666. 1667. 1668. 1669. 1670.
 1671. 1672. 1673. 1674. 1675. 1676. 1677. 1678. 1679. 1680. 1681. 1682.
 1683. 1684. 1685. 1686. 1687. 1688. 1689. 1690. 1691.]","[-16. -15. -14. -13. -12. -11. -10.  -9.  -8.  -7.  -6.  -5.  -4.  -3.
  -2.  -1.   0.   1.   2.   3.   4.   5.   6.   7.   8.   9.  10.  11.
  12.  13.  14.  15.  16.]",2569.0,32,"[2553. 2554. 2555. 2556. 2557. 2558. 2559. 2560. 2561. 2562. 2563. 2564.
 2565. 2566. 2567. 2568. 2569. 2570. 2571. 2572. 2573. 2574. 2575. 2576.
 2577. 2578. 2579. 2580. 2581. 2582. 2583. 2584. 2585.]","[-16. -15. -14. -13. -12. -11. -10.  -9.  -8.  -7.  -6.  -5.  -4.  -3.
  -2.  -1.   0.   1.   2.   3.   4.   5.   6.   7.   8.   9.  10.  11.
  12.  13.  14.  15.  16.]",True,True,True
1676,785.0,32,"[769. 770. 771. 772. 773. 774. 775. 776. 777. 778. 779. 780. 781. 782.
 783. 784. 785. 786. 787. 788. 789. 790. 791. 792. 793. 794. 795. 796.
 797. 798. 799. 800. 801.]","[-16. -15. -14. -13. -12. -11. -10.  -9.  -8.  -7.  -6.  -5.  -4.  -3.
  -2.  -1.   0.   1.   2.   3.   4.   5.   6.   7.   8.   9.  10.  11.
  12.  13.  14.  15.  16.]",1676.0,32,"[1660. 1661. 1662. 1663. 1664. 1665. 1666. 1667. 1668. 1669. 1670. 1671.
 1672. 1673. 1674. 1675. 1676. 1677. 1678. 1679. 1680. 1681. 1682. 1683.
 1684. 1685. 1686. 1687. 1688. 1689. 1690. 1691. 1692.]","[-16. -15. -14. -13. -12. -11. -10.  -9.  -8.  -7.  -6.  -5.  -4.  -3.
  -2.  -1.   0.   1.   2.   3.   4.   5.   6.   7.   8.   9.  10.  11.
  12.  13.  14.  15.  16.]",2570.0,32,"[2554. 2555. 2556. 2557. 2558. 2559. 2560. 2561. 2562. 2563. 2564. 2565.
 2566. 2567. 2568. 2569. 2570. 2571. 2572. 2573. 2574. 2575. 2576. 2577.
 2578. 2579. 2580. 2581. 2582. 2583. 2584. 2585. 2586.]","[-16. -15. -14. -13. -12. -11. -10.  -9.  -8.  -7.  -6.  -5.  -4.  -3.
  -2.  -1.   0.   1.   2.   3.   4.   5.   6.   7.   8.   9.  10.  11.
  12.  13.  14.  15.  16.]",True,True,True
1677,786.0,32,"[770. 771. 772. 773. 774. 775. 776. 777. 778. 779. 780. 781. 782. 783.
 784. 785. 786. 787. 788. 789. 790. 791. 792. 793. 794. 795. 796. 797.
 798. 799. 800. 801. 802.]","[-16. -15. -14. -13. -12. -11. -10.  -9.  -8.  -7.  -6.  -5.  -4.  -3.
  -2.  -1.   0.   1.   2.   3.   4.   5.   6.   7.   8.   9.  10.  11.
  12.  13.  14.  15.  16.]",1677.0,32,"[1661. 1662. 1663. 1664. 1665. 1666. 1667. 1668. 1669. 1670. 1671. 1672.
 1673. 1674. 1675. 1676. 1677. 1678. 1679. 1680. 1681. 1682. 1683. 1684.
 1685. 1686. 1687. 1688. 1689. 1690. 1691. 1692. 1693.]","[-16. -15. -14. -13. -12. -11. -10.  -9.  -8.  -7.  -6.  -5.  -4.  -3.
  -2.  -1.   0.   1.   2.   3.   4.   5.   6.   7.   8.   9.  10.  11.
  12.  13.  14.  15.  16.]",2571.0,32,"[2555. 2556. 2557. 2558. 2559. 2560. 2561. 2562. 2563. 2564. 2565. 2566.
 2567. 2568. 2569. 2570. 2571. 2572. 2573. 2574. 2575. 2576. 2577. 2578.
 2579. 2580. 2581. 2582. 2583. 2584. 2585. 2586. 2587.]","[-16. -15. -14. -13. -12. -11. -10.  -9.  -8.  -7.  -6.  -5.  -4.  -3.
  -2.  -1.   0.   1.   2.   3.   4.   5.   6.   7.   8.   9.  10.  11.
  12.  13.  14.  15.  16.]",True,True,True
1678,787.0,32,"[771. 772. 773. 774. 775. 776. 777. 778. 779. 780. 781. 782. 783. 784.
 785. 786. 787. 788. 789. 790. 791. 792. 793. 794. 795. 796. 797. 798.
 799. 800. 801. 802. 803.]","[-16. -15. -14. -13. -12. -11. -10.  -9.  -8.  -7.  -6.  -5.  -4.  -3.
  -2.  -1.   0.   1.   2.   3.   4.   5.   6.   7.   8.   9.  10.  11.
  12.  13.  14.  15.  16.]",1678.0,32,"[1662. 1663. 1664. 1665. 1666. 1667. 1668. 1669. 1670. 1671. 1672. 1673.
 1674. 1675. 1676. 1677. 1678. 1679. 1680. 1681. 1682. 1683. 1684. 1685.
 1686. 1687. 1688. 1689. 1690. 1691. 1692. 1693. 1694.]","[-16. -15. -14. -13. -12. -11. -10.  -9.  -8.  -7.  -6.  -5.  -4.  -3.
  -2.  -1.   0.   1.   2.   3.   4.   5.   6.   7.   8.   9.  10.  11.
  12.  13.  14.  15.  16.]",2572.0,32,"[2556. 2557. 2558. 2559. 2560. 2561. 2562. 2563. 2564. 2565. 2566. 2567.
 2568. 2569. 2570. 2571. 2572. 2573. 2574. 2575. 2576. 2577. 2578. 2579.
 2580. 2581. 2582. 2583. 2584. 2585. 2586. 2587. 2588.]","[-16. -15. -14. -13. -12. -11. -10.  -9.  -8.  -7.  -6.  -5.  -4.  -3.
  -2.  -1.   0.   1.   2.   3.   4.   5.   6.   7.   8.   9.  10.  11.
  12.  13.  14.  15.  16.]",True,True,True
1679,788.0,32,"[772. 773. 774. 775. 776. 777. 778. 779. 780. 781. 782. 783. 784. 785.
 786. 787. 788. 789. 790. 791. 792. 793. 794. 795. 796. 797. 798. 799.
 800. 801. 802. 803. 804.]","[-16. -15. -14. -13. -12. -11. -10.  -9.  -8.  -7.  -6.  -5.  -4.  -3.
  -2.  -1.   0.   1.   2.   3.   4.   5.   6.   7.   8.   9.  10.  11.
  12.  13.  14.  15.  16.]",1679.0,32,"[1663. 1664. 1665. 1666. 1667. 1668. 1669. 1670. 1671. 1672. 1673. 1674.
 1675. 1676. 1677. 1678. 1679. 1680. 1681. 1682. 1683. 1684. 1685. 1686.
 1687. 1688. 1689. 1690. 1691. 1692. 1693. 1694. 1695.]","[-16. -15. -14. -13. -12. -11. -10.  -9.  -8.  -7.  -6.  -5.  -4.  -3.
  -2.  -1.   0.   1.   2.   3.   4.   5.   6.   7.   8.   9.  10.  11.
  12.  13.  14.  15.  16.]",2573.0,32,"[2557. 2558. 2559. 2560. 2561. 2562. 2563. 2564. 2565. 2566. 2567. 2568.
 2569. 2570. 2571. 2572. 2573. 2574. 2575. 2576. 2577. 2578. 2579. 2580.
 2581. 2582. 2583. 2584. 2585. 2586. 2587. 2588. 2589.]","[-16. -15. -14. -13. -12. -11. -10.  -9.  -8.  -7.  -6.  -5.  -4.  -3.
  -2.  -1.   0.   1.   2.   3.   4.   5.   6.   7.   8.   9.  10.  11.
  12.  13.  14.  15.  16.]",True,True,True
1680,789.0,32,"[773. 774. 775. 776. 777. 778. 779. 780. 781. 782. 783. 784. 785. 786.
 787. 788. 789. 790. 791. 792. 793. 794. 795. 796. 797. 798. 799. 800.
 801. 802. 803. 804. 805.]","[-16. -15. -14. -13. -12. -11. -10.  -9.  -8.  -7.  -6.  -5.  -4.  -3.
  -2.  -1.   0.   1.   2.   3.   4.   5.   6.   7.   8.   9.  10.  11.
  12.  13.  14.  15.  16.]",1680.0,32,"[1664. 1665. 1666. 1667. 1668. 1669. 1670. 1671. 1672. 1673. 1674. 1675.
 1676. 1677. 1678. 1679. 1680. 1681. 1682. 1683. 1684. 1685. 1686. 1687.
 1688. 1689. 1690. 1691. 1692. 1693. 1694. 1695. 1696.]","[-16. -15. -14. -13. -12. -11. -10.  -9.  -8.  -7.  -6.  -5.  -4.  -3.
  -2.  -1.   0.   1.   2.   3.   4.   5.   6.   7.   8.   9.  10.  11.
  12.  13.  14.  15.  16.]",2574.0,32,"[2558. 2559. 2560. 2561. 2562. 2563. 2564. 2565. 2566. 2567. 2568. 2569.
 2570. 2571. 2572. 2573. 2574. 2575. 2576. 2577. 2578. 2579. 2580. 2581.
 2582. 2583. 2584. 2585. 2586. 2587. 2588. 2589. 2590.]","[-16. -15. -14. -13. -12. -11. -10.  -9.  -8.  -7.  -6.  -5.  -4.  -3.
  -2.  -1.   0.   1.   2.   3.   4.   5.   6.   7.   8.   9.  10.  11.
  12.  13.  14.  15.  16.]",True,True,True
1681,790.0,32,"[774. 775. 776. 777. 778. 779. 780. 781. 782. 783. 784. 785. 786. 787.
 788. 789. 790. 791. 792. 793. 794. 795. 796. 797. 798. 799. 800. 801.
 802. 803. 804. 805. 806.]","[-16. -15. -14. -13. -12. -11. -10.  -9.  -8.  -7.  -6.  -5.  -4.  -3.
  -2.  -1.   0.   1.   2.   3.   4.   5.   6.   7.   8.   9.  10.  11.
  12.  13.  14.  15.  16.]",1681.0,32,"[1665. 1666. 1667. 1668. 1669. 1670. 1671. 1672. 1673. 1674. 1675. 1676.
 1677. 1678. 1679. 1680. 1681. 1682. 1683. 1684. 1685. 1686. 1687. 1688.
 1689. 1690. 1691. 1692. 1693. 1694. 1695. 1696. 1697.]","[-16. -15. -14. -13. -12. -11. -10.  -9.  -8.  -7.  -6.  -5.  -4.  -3.
  -2.  -1.   0.   1.   2.   3.   4.   5.   6.   7.   8.   9.  10.  11.
  12.  13.  14.  15.  16.]",2575.0,32,"[2559. 2560. 2561. 2562. 2563. 2564. 2565. 2566. 2567. 2568. 2569. 2570.
 2571. 2572. 2573. 2574. 2575. 2576. 2577. 2578. 2579. 2580. 2581. 2582.
 2583. 2584. 2585. 2586. 2587. 2588. 2589. 2590. 2591.]","[-16. -15. -14. -13. -12. -11. -10.  -9.  -8.  -7.  -6.  -5.  -4.  -3.
  -2.  -1.   0.   1.   2.   3.   4.   5.   6.   7.   8.   9.  10.  11.
  12.  13.  14.  15.  16.]",True,True,True
1682,791.0,31,"[775. 776. 777. 778. 779. 780. 781. 782. 783. 784. 785. 786. 787. 788.
 789. 790. 791. 792. 793. 794. 795. 796. 797. 798. 799. 800. 801. 802.
 803. 804. 805. 806.]","[-16. -15. -14. -13. -12. -11. -10.  -9.  -8.  -7.  -6.  -5.  -4.  -3.
  -2.  -1.   0.   1.   2.   3.   4.   5.   6.   7.   8.   9.  10.  11.
  12.  13.  14.  15.]",1682.0,31,"[1666. 1667. 1668. 1669. 1670. 1671. 1672. 1673. 1674. 1675. 1676. 1677.
 1678. 1679. 1680. 1681. 1682. 1683. 1684. 1685. 1686. 1687. 1688. 1689.
 1690. 1691. 1692. 1693. 1694. 1695. 1696. 1697.]","[-16. -15. -14. -13. -12. -11. -10.  -9.  -8.  -7.  -6.  -5.  -4.  -3.
  -2.  -1.   0.   1.   2.   3.   4.   5.   6.   7.   8.   9.  10.  11.
  12.  13.  14.  15.]",2576.0,31,"[2560. 2561. 2562. 2563. 2564. 2565. 2566. 2567. 2568. 2569. 2570. 2571.
 2572. 2573. 2574. 2575. 2576. 2577. 2578. 2579. 2580. 2581. 2582. 2583.
 2584. 2585. 2586. 2587. 2588. 2589. 2590. 2591.]","[-16. -15. -14. -13. -12. -11. -10.  -9.  -8.  -7.  -6.  -5.  -4.  -3.
  -2.  -1.   0.   1.   2.   3.   4.   5.   6.   7.   8.   9.  10.  11.
  12.  13.  14.  15.]",True,True,True
1683,792.0,30,"[776. 777. 778. 779. 780. 781. 782. 783. 784. 785. 786. 787. 788. 789.
 790. 791. 792. 793. 794. 795. 796. 797. 798. 799. 800. 801. 802. 803.
 804. 805. 806.]","[-16. -15. -14. -13. -12. -11. -10.  -9.  -8.  -7.  -6.  -5.  -4.  -3.
  -2.  -1.   0.   1.   2.   3.   4.   5.   6.   7.   8.   9.  10.  11.
  12.  13.  14.]",1683.0,30,"[1667. 1668. 1669. 1670. 1671. 1672. 1673. 1674. 1675. 1676. 1677. 1678.
 1679. 1680. 1681. 1682. 1683. 1684. 1685. 1686. 1687. 1688. 1689. 1690.
 1691. 1692. 1693. 1694. 1695. 1696. 1697.]","[-16. -15. -14. -13. -12. -11. -10.  -9.  -8.  -7.  -6.  -5.  -4.  -3.
  -2.  -1.   0.   1.   2.   3.   4.   5.   6.   7.   8.   9.  10.  11.
  12.  13.  14.]",2577.0,30,"[2561. 2562. 2563. 2564. 2565. 2566. 2567. 2568. 2569. 2570. 2571. 2572.
 2573. 2574. 2575. 2576. 2577. 2578. 2579. 2580. 2581. 2582. 2583. 2584.
 2585. 2586. 2587. 2588. 2589. 2590. 2591.]","[-16. -15. -14. -13. -12. -11. -10.  -9.  -8.  -7.  -6.  -5.  -4.  -3.
  -2.  -1.   0.   1.   2.   3.   4.   5.   6.   7.   8.   9.  10.  11.
  12.  13.  14.]",True,True,True
1684,793.0,29,"[777. 778. 779. 780. 781. 782. 783. 784. 785. 786. 787. 788. 789. 790.
 791. 792. 793. 794. 795. 796. 797. 798. 799. 800. 801. 802. 803. 804.
 805. 806.]","[-16. -15. -14. -13. -12. -11. -10.  -9.  -8.  -7.  -6.  -5.  -4.  -3.
  -2.  -1.   0.   1.   2.   3.   4.   5.   6.   7.   8.   9.  10.  11.
  12.  13.]",1684.0,29,"[1668. 1669. 1670. 1671. 1672. 1673. 1674. 1675. 1676. 1677. 1678. 1679.
 1680. 1681. 1682. 1683. 1684. 1685. 1686. 1687. 1688. 1689. 1690. 1691.
 1692. 1693. 1694. 1695. 1696. 1697.]","[-16. -15. -14. -13. -12. -11. -10.  -9.  -8.  -7.  -6.  -5.  -4.  -3.
  -2.  -1.   0.   1.   2.   3.   4.   5.   6.   7.   8.   9.  10.  11.
  12.  13.]",2578.0,29,"[2562. 2563. 2564. 2565. 2566. 2567. 2568. 2569. 2570. 2571. 2572. 2573.
 2574. 2575. 2576. 2577. 2578. 2579. 2580. 2581. 2582. 2583. 2584. 2585.
 2586. 2587. 2588. 2589. 2590. 2591.]","[-16. -15. -14. -13. -12. -11. -10.  -9.  -8.  -7.  -6.  -5.  -4.  -3.
  -2.  -1.   0.   1.   2.   3.   4.   5.   6.   7.   8.   9.  10.  11.
  12.  13.]",True,True,True
1685,794.0,28,"[778. 779. 780. 781. 782. 783. 784. 785. 786. 787. 788. 789. 790. 791.
 792. 793. 794. 795. 796. 797. 798. 799. 800. 801. 802. 803. 804. 805.
 806.]","[-16. -15. -14. -13. -12. -11. -10.  -9.  -8.  -7.  -6.  -5.  -4.  -3.
  -2.  -1.   0.   1.   2.   3.   4.   5.   6.   7.   8.   9.  10.  11.
  12.]",1685.0,28,"[1669. 1670. 1671. 1672. 1673. 1674. 1675. 1676. 1677. 1678. 1679. 1680.
 1681. 1682. 1683. 1684. 1685. 1686. 1687. 1688. 1689. 1690. 1691. 1692.
 1693. 1694. 1695. 1696. 1697.]","[-16. -15. -14. -13. -12. -11. -10.  -9.  -8.  -7.  -6.  -5.  -4.  -3.
  -2.  -1.   0.   1.   2.   3.   4.   5.   6.   7.   8.   9.  10.  11.
  12.]",2579.0,28,"[2563. 2564. 2565. 2566. 2567. 2568. 2569. 2570. 2571. 2572. 2573. 2574.
 2575. 2576. 2577. 2578. 2579. 2580. 2581. 2582. 2583. 2584. 2585. 2586.
 2587. 2588. 2589. 2590. 2591.]","[-16. -15. -14. -13. -12. -11. -10.  -9.  -8.  -7.  -6.  -5.  -4.  -3.
  -2.  -1.   0.   1.   2.   3.   4.   5.   6.   7.   8.   9.  10.  11.
  12.]",True,True,True
1686,795.0,27,"[779. 780. 781. 782. 783. 784. 785. 786. 787. 788. 789. 790. 791. 792.
 793. 794. 795. 796. 797. 798. 799. 800. 801. 802. 803. 804. 805. 806.]","[-16. -15. -14. -13. -12. -11. -10.  -9.  -8.  -7.  -6.  -5.  -4.  -3.
  -2.  -1.   0.   1.   2.   3.   4.   5.   6.   7.   8.   9.  10.  11.]",1686.0,27,"[1670. 1671. 1672. 1673. 1674. 1675. 1676. 1677. 1678. 1679. 1680. 1681.
 1682. 1683. 1684. 1685. 1686. 1687. 1688. 1689. 1690. 1691. 1692. 1693.
 1694. 1695. 1696. 1697.]","[-16. -15. -14. -13. -12. -11. -10.  -9.  -8.  -7.  -6.  -5.  -4.  -3.
  -2.  -1.   0.   1.   2.   3.   4.   5.   6.   7.   8.   9.  10.  11.]",2580.0,27,"[2564. 2565. 2566. 2567. 2568. 2569. 2570. 2571. 2572. 2573. 2574. 2575.
 2576. 2577. 2578. 2579. 2580. 2581. 2582. 2583. 2584. 2585. 2586. 2587.
 2588. 2589. 2590. 2591.]","[-16. -15. -14. -13. -12. -11. -10.  -9.  -8.  -7.  -6.  -5.  -4.  -3.
  -2.  -1.   0.   1.   2.   3.   4.   5.   6.   7.   8.   9.  10.  11.]",True,True,True
1687,796.0,26,"[780. 781. 782. 783. 784. 785. 786. 787. 788. 789. 790. 791. 792. 793.
 794. 795. 796. 797. 798. 799. 800. 801. 802. 803. 804. 805. 806.]","[-16. -15. -14. -13. -12. -11. -10.  -9.  -8.  -7.  -6.  -5.  -4.  -3.
  -2.  -1.   0.   1.   2.   3.   4.   5.   6.   7.   8.   9.  10.]",1687.0,26,"[1671. 1672. 1673. 1674. 1675. 1676. 1677. 1678. 1679. 1680. 1681. 1682.
 1683. 1684. 1685. 1686. 1687. 1688. 1689. 1690. 1691. 1692. 1693. 1694.
 1695. 1696. 1697.]","[-16. -15. -14. -13. -12. -11. -10.  -9.  -8.  -7.  -6.  -5.  -4.  -3.
  -2.  -1.   0.   1.   2.   3.   4.   5.   6.   7.   8.   9.  10.]",2581.0,26,"[2565. 2566. 2567. 2568. 2569. 2570. 2571. 2572. 2573. 2574. 2575. 2576.
 2577. 2578. 2579. 2580. 2581. 2582. 2583. 2584. 2585. 2586. 2587. 2588.
 2589. 2590. 2591.]","[-16. -15. -14. -13. -12. -11. -10.  -9.  -8.  -7.  -6.  -5.  -4.  -3.
  -2.  -1.   0.   1.   2.   3.   4.   5.   6.   7.   8.   9.  10.]",True,True,True
1688,797.0,25,"[781. 782. 783. 784. 785. 786. 787. 788. 789. 790. 791. 792. 793. 794.
 795. 796. 797. 798. 799. 800. 801. 802. 803. 804. 805. 806.]","[-16. -15. -14. -13. -12. -11. -10.  -9.  -8.  -7.  -6.  -5.  -4.  -3.
  -2.  -1.   0.   1.   2.   3.   4.   5.   6.   7.   8.   9.]",1688.0,25,"[1672. 1673. 1674. 1675. 1676. 1677. 1678. 1679. 1680. 1681. 1682. 1683.
 1684. 1685. 1686. 1687. 1688. 1689. 1690. 1691. 1692. 1693. 1694. 1695.
 1696. 1697.]","[-16. -15. -14. -13. -12. -11. -10.  -9.  -8.  -7.  -6.  -5.  -4.  -3.
  -2.  -1.   0.   1.   2.   3.   4.   5.   6.   7.   8.   9.]",2582.0,25,"[2566. 2567. 2568. 2569. 2570. 2571. 2572. 2573. 2574. 2575. 2576. 2577.
 2578. 2579. 2580. 2581. 2582. 2583. 2584. 2585. 2586. 2587. 2588. 2589.
 2590. 2591.]","[-16. -15. -14. -13. -12. -11. -10.  -9.  -8.  -7.  -6.  -5.  -4.  -3.
  -2.  -1.   0.   1.   2.   3.   4.   5.   6.   7.   8.   9.]",True,True,True
1689,798.0,24,"[782. 783. 784. 785. 786. 787. 788. 789. 790. 791. 792. 793. 794. 795.
 796. 797. 798. 799. 800. 801. 802. 803. 804. 805. 806.]","[-16. -15. -14. -13. -12. -11. -10.  -9.  -8.  -7.  -6.  -5.  -4.  -3.
  -2.  -1.   0.   1.   2.   3.   4.   5.   6.   7.   8.]",1689.0,24,"[1673. 1674. 1675. 1676. 1677. 1678. 1679. 1680. 1681. 1682. 1683. 1684.
 1685. 1686. 1687. 1688. 1689. 1690. 1691. 1692. 1693. 1694. 1695. 1696.
 1697.]","[-16. -15. -14. -13. -12. -11. -10.  -9.  -8.  -7.  -6.  -5.  -4.  -3.
  -2.  -1.   0.   1.   2.   3.   4.   5.   6.   7.   8.]",2583.0,24,"[2567. 2568. 2569. 2570. 2571. 2572. 2573. 2574. 2575. 2576. 2577. 2578.
 2579. 2580. 2581. 2582. 2583. 2584. 2585. 2586. 2587. 2588. 2589. 2590.
 2591.]","[-16. -15. -14. -13. -12. -11. -10.  -9.  -8.  -7.  -6.  -5.  -4.  -3.
  -2.  -1.   0.   1.   2.   3.   4.   5.   6.   7.   8.]",True,True,True
1690,799.0,23,"[783. 784. 785. 786. 787. 788. 789. 790. 791. 792. 793. 794. 795. 796.
 797. 798. 799. 800. 801. 802. 803. 804. 805. 806.]","[-16. -15. -14. -13. -12. -11. -10.  -9.  -8.  -7.  -6.  -5.  -4.  -3.
  -2.  -1.   0.   1.   2.   3.   4.   5.   6.   7.]",1690.0,23,"[1674. 1675. 1676. 1677. 1678. 1679. 1680. 1681. 1682. 1683. 1684. 1685.
 1686. 1687. 1688. 1689. 1690. 1691. 1692. 1693. 1694. 1695. 1696. 1697.]","[-16. -15. -14. -13. -12. -11. -10.  -9.  -8.  -7.  -6.  -5.  -4.  -3.
  -2.  -1.   0.   1.   2.   3.   4.   5.   6.   7.]",2584.0,23,"[2568. 2569. 2570. 2571. 2572. 2573. 2574. 2575. 2576. 2577. 2578. 2579.
 2580. 2581. 2582. 2583. 2584. 2585. 2586. 2587. 2588. 2589. 2590. 2591.]","[-16. -15. -14. -13. -12. -11. -10.  -9.  -8.  -7.  -6.  -5.  -4.  -3.
  -2.  -1.   0.   1.   2.   3.   4.   5.   6.   7.]",True,True,True
1691,800.0,22,"[784. 785. 786. 787. 788. 789. 790. 791. 792. 793. 794. 795. 796. 797.
 798. 799. 800. 801. 802. 803. 804. 805. 806.]","[-16. -15. -14. -13. -12. -11. -10.  -9.  -8.  -7.  -6.  -5.  -4.  -3.
  -2.  -1.   0.   1.   2.   3.   4.   5.   6.]",1691.0,22,"[1675. 1676. 1677. 1678. 1679. 1680. 1681. 1682. 1683. 1684. 1685. 1686.
 1687. 1688. 1689. 1690. 1691. 1692. 1693. 1694. 1695. 1696. 1697.]","[-16. -15. -14. -13. -12. -11. -10.  -9.  -8.  -7.  -6.  -5.  -4.  -3.
  -2.  -1.   0.   1.   2.   3.   4.   5.   6.]",2585.0,22,"[2569. 2570. 2571. 2572. 2573. 2574. 2575. 2576. 2577. 2578. 2579. 2580.
 2581. 2582. 2583. 2584. 2585. 2586. 2587. 2588. 2589. 2590. 2591.]","[-16. -15. -14. -13. -12. -11. -10.  -9.  -8.  -7.  -6.  -5.  -4.  -3.
  -2.  -1.   0.   1.   2.   3.   4.   5.   6.]",True,True,True
1692,801.0,21,"[785. 786. 787. 788. 789. 790. 791. 792. 793. 794. 795. 796. 797. 798.
 799. 800. 801. 802. 803. 804. 805. 806.]","[-16. -15. -14. -13. -12. -11. -10.  -9.  -8.  -7.  -6.  -5.  -4.  -3.
  -2.  -1.   0.   1.   2.   3.   4.   5.]",1692.0,21,"[1676. 1677. 1678. 1679. 1680. 1681. 1682. 1683. 1684. 1685. 1686. 1687.
 1688. 1689. 1690. 1691. 1692. 1693. 1694. 1695. 1696. 1697.]","[-16. -15. -14. -13. -12. -11. -10.  -9.  -8.  -7.  -6.  -5.  -4.  -3.
  -2.  -1.   0.   1.   2.   3.   4.   5.]",2586.0,21,"[2570. 2571. 2572. 2573. 2574. 2575. 2576. 2577. 2578. 2579. 2580. 2581.
 2582. 2583. 2584. 2585. 2586. 2587. 2588. 2589. 2590. 2591.]","[-16. -15. -14. -13. -12. -11. -10.  -9.  -8.  -7.  -6.  -5.  -4.  -3.
  -2.  -1.   0.   1.   2.   3.   4.   5.]",True,True,True
1693,802.0,20,"[786. 787. 788. 789. 790. 791. 792. 793. 794. 795. 796. 797. 798. 799.
 800. 801. 802. 803. 804. 805. 806.]","[-16. -15. -14. -13. -12. -11. -10.  -9.  -8.  -7.  -6.  -5.  -4.  -3.
  -2.  -1.   0.   1.   2.   3.   4.]",1693.0,20,"[1677. 1678. 1679. 1680. 1681. 1682. 1683. 1684. 1685. 1686. 1687. 1688.
 1689. 1690. 1691. 1692. 1693. 1694. 1695. 1696. 1697.]","[-16. -15. -14. -13. -12. -11. -10.  -9.  -8.  -7.  -6.  -5.  -4.  -3.
  -2.  -1.   0.   1.   2.   3.   4.]",2587.0,20,"[2571. 2572. 2573. 2574. 2575. 2576. 2577. 2578. 2579. 2580. 2581. 2582.
 2583. 2584. 2585. 2586. 2587. 2588. 2589. 2590. 2591.]","[-16. -15. -14. -13. -12. -11. -10.  -9.  -8.  -7.  -6.  -5.  -4.  -3.
  -2.  -1.   0.   1.   2.   3.   4.]",True,True,True
1694,803.0,19,"[787. 788. 789. 790. 791. 792. 793. 794. 795. 796. 797. 798. 799. 800.
 801. 802. 803. 804. 805. 806.]","[-16. -15. -14. -13. -12. -11. -10.  -9.  -8.  -7.  -6.  -5.  -4.  -3.
  -2.  -1.   0.   1.   2.   3.]",1694.0,19,"[1678. 1679. 1680. 1681. 1682. 1683. 1684. 1685. 1686. 1687. 1688. 1689.
 1690. 1691. 1692. 1693. 1694. 1695. 1696. 1697.]","[-16. -15. -14. -13. -12. -11. -10.  -9.  -8.  -7.  -6.  -5.  -4.  -3.
  -2.  -1.   0.   1.   2.   3.]",2588.0,19,"[2572. 2573. 2574. 2575. 2576. 2577. 2578. 2579. 2580. 2581. 2582. 2583.
 2584. 2585. 2586. 2587. 2588. 2589. 2590. 2591.]","[-16. -15. -14. -13. -12. -11. -10.  -9.  -8.  -7.  -6.  -5.  -4.  -3.
  -2.  -1.   0.   1.   2.   3.]",True,True,True
1695,804.0,18,"[788. 789. 790. 791. 792. 793. 794. 795. 796. 797. 798. 799. 800. 801.
 802. 803. 804. 805. 806.]","[-16. -15. -14. -13. -12. -11. -10.  -9.  -8.  -7.  -6.  -5.  -4.  -3.
  -2.  -1.   0.   1.   2.]",1695.0,18,"[1679. 1680. 1681. 1682. 1683. 1684. 1685. 1686. 1687. 1688. 1689. 1690.
 1691. 1692. 1693. 1694. 1695. 1696. 1697.]","[-16. -15. -14. -13. -12. -11. -10.  -9.  -8.  -7.  -6.  -5.  -4.  -3.
  -2.  -1.   0.   1.   2.]",2589.0,18,"[2573. 2574. 2575. 2576. 2577. 2578. 2579. 2580. 2581. 2582. 2583. 2584.
 2585. 2586. 2587. 2588. 2589. 2590. 2591.]","[-16. -15. -14. -13. -12. -11. -10.  -9.  -8.  -7.  -6.  -5.  -4.  -3.
  -2.  -1.   0.   1.   2.]",True,True,True
1696,805.0,17,"[789. 790. 791. 792. 793. 794. 795. 796. 797. 798. 799. 800. 801. 802.
 803. 804. 805. 806.]","[-16. -15. -14. -13. -12. -11. -10.  -9.  -8.  -7.  -6.  -5.  -4.  -3.
  -2.  -1.   0.   1.]",1696.0,17,"[1680. 1681. 1682. 1683. 1684. 1685. 1686. 1687. 1688. 1689. 1690. 1691.
 1692. 1693. 1694. 1695. 1696. 1697.]","[-16. -15. -14. -13. -12. -11. -10.  -9.  -8.  -7.  -6.  -5.  -4.  -3.
  -2.  -1.   0.   1.]",2590.0,17,"[2574. 2575. 2576. 2577. 2578. 2579. 2580. 2581. 2582. 2583. 2584. 2585.
 2586. 2587. 2588. 2589. 2590. 2591.]","[-16. -15. -14. -13. -12. -11. -10.  -9.  -8.  -7.  -6.  -5.  -4.  -3.
  -2.  -1.   0.   1.]",True,True,True
1697,806.0,16,"[790. 791. 792. 793. 794. 795. 796. 797. 798. 799. 800. 801. 802. 803.
 804. 805. 806.]","[-16. -15. -14. -13. -12. -11. -10.  -9.  -8.  -7.  -6.  -5.  -4.  -3.
  -2.  -1.   0.]",1697.0,16,"[1681. 1682. 1683. 1684. 1685. 1686. 1687. 1688. 1689. 1690. 1691. 1692.
 1693. 1694. 1695. 1696. 1697.]","[-16. -15. -14. -13. -12. -11. -10.  -9.  -8.  -7.  -6.  -5.  -4.  -3.
  -2.  -1.   0.]",2591.0,16,"[2575. 2576. 2577. 2578. 2579. 2580. 2581. 2582. 2583. 2584. 2585. 2586.
 2587. 2588. 2589. 2590. 2591.]","[-16. -15. -14. -13. -12. -11. -10.  -9.  -8.  -7.  -6.  -5.  -4.  -3.
  -2.  -1.   0.]",True,True,True
